first_name,last_name,login_n,Organizational Unit
Admin,1,Admin1,"OU=Admin ,OU=cyber1337,DC=cyber1337s, DC=pw"
Admin,2,Admin2,"OU=Admin ,OU=cyber1337,DC=cyber1337s, DC=pw"
Admin,3,Admin3,"OU=Admin ,OU=cyber1337,DC=cyber1337s, DC=pw"
Admin,4,Admin4,"OU=Admin ,OU=cyber1337,DC=cyber1337s, DC=pw"
Admin,5,Admin5,"OU=Admin ,OU=cyber1337,DC=cyber1337s, DC=pw"
Principle,,Principle,"OU=Principle,OU=Admin ,OU=cyber1337,DC=cyber1337s, DC=pw"
Vice_pin,1,Vice_prin1,"OU=Vice_pin,OU=Principle,OU=Admin ,OU=cyber1337,DC=cyber1337s, DC=pw"
Vice_pin,2,Vice_prin2,"OU=Vice_pin,OU=Principle,OU=Admin ,OU=cyber1337,DC=cyber1337s, DC=pw"
Vice_pin,3,Vice_prin3,"OU=Vice_pin,OU=Principle,OU=Admin ,OU=cyber1337,DC=cyber1337s, DC=pw"
